投稿文,画像URL,いいね数,ジャンル
"ライフスタイル提案 - グルメ関連の最新情報 #1","https://picsum.photos/400/400?random=1752966002329-0",534,"グルメ"
"週末グルメ探訪記 - グルメ関連の最新情報 #2","https://picsum.photos/400/400?random=1752966002329-1",665,"グルメ"
"ライフスタイル提案 - グルメ関連の最新情報 #3","https://picsum.photos/400/400?random=1752966002329-2",256,"グルメ"
"週末グルメ探訪記 - ライフスタイル関連の最新情報 #4","https://picsum.photos/400/400?random=1752966002329-3",930,"ライフスタイル"
"健康的な朝食レシピ - グルメ関連の最新情報 #5","https://picsum.photos/400/400?random=1752966002329-4",188,"グルメ"
"季節のファッションコーデ - グルメ関連の最新情報 #6","https://picsum.photos/400/400?random=1752966002329-5",765,"グルメ"
"季節のファッションコーデ - ライフスタイル関連の最新情報 #7","https://picsum.photos/400/400?random=1752966002329-6",939,"ライフスタイル"
"おしゃれカフェ巡りレポート - グルメ関連の最新情報 #8","https://picsum.photos/400/400?random=1752966002329-7",117,"グルメ"
"おしゃれカフェ巡りレポート - グルメ関連の最新情報 #9","https://picsum.photos/400/400?random=1752966002329-8",693,"グルメ"
"季節のファッションコーデ - グルメ関連の最新情報 #10","https://picsum.photos/400/400?random=1752966002329-9",316,"グルメ"
"ライフスタイル提案 - グルメ関連の最新情報 #11","https://picsum.photos/400/400?random=1752966002329-10",253,"グルメ"
"週末グルメ探訪記 - ライフスタイル関連の最新情報 #12","https://picsum.photos/400/400?random=1752966002329-11",226,"ライフスタイル"
"季節のファッションコーデ - ライフスタイル関連の最新情報 #13","https://picsum.photos/400/400?random=1752966002329-12",424,"ライフスタイル"
"ライフスタイル提案 - グルメ関連の最新情報 #14","https://picsum.photos/400/400?random=1752966002329-13",139,"グルメ"
"インテリアコーディネート術 - ライフスタイル関連の最新情報 #15","https://picsum.photos/400/400?random=1752966002329-14",550,"ライフスタイル"